<?xml version="1.0" encoding="UTF-8"?>
<!--Generated by Oracle BI Publisher 11.1.1.9.0 -Dataengine, datamodel:_Human_Capital_Management_Payroll_Data_Models_globalReportsDataModel_xdm -->
<DATA_DS><ARCHIVEACTIONID></ARCHIVEACTIONID><DELIVERYOPTIONID></DELIVERYOPTIONID><PAYROLLACTIONID></PAYROLLACTIONID><FLOWINSTANCENAME>Ankit_Changes_Extract_2</FLOWINSTANCENAME><SEQUENCE></SEQUENCE>
<G_1>
<PAYROLL_ACTION_ID>11248</PAYROLL_ACTION_ID>
<G_2>
<FILE_FRAGMENT>
<Ankit_Changes_Extract><REP_CATEGORY_NAME>Ankit_Changes_Extract</REP_CATEGORY_NAME><parameters><request_id>300000168581893</request_id><FLOW_NAME>Ankit_Changes_Extract_2</FLOW_NAME><legislative_data_group_id/><effective_date>2017-11-13</effective_date><start_date/><report_category_id>300000168578800</report_category_id><action_parameter_group_id/><changes_only>Y</changes_only></parameters><Person_Details><OBJECT_ACTION_ID>1507352</OBJECT_ACTION_ID><Person_Information><First_Name>Ankit</First_Name><Last_Name>Gupta</Last_Name><Date_of_Birth>1994-02-10T00:00:00.000Z</Date_of_Birth><Gender>M</Gender><Phone_Details><Phone_Information><Area_Code/><Phone_Number>8239161121</Phone_Number></Phone_Information></Phone_Details></Person_Information></Person_Details></Ankit_Changes_Extract></FILE_FRAGMENT>
</G_2>
</G_1>
</DATA_DS>